N,AbsoluteError,StandardError
10,0.341593,0.519304
100,0.138407,0.164218
1000,0.0255927,0.0519304
10000,0.0260073,0.0164218
100000,0.00451265,0.00519304
1000000,0.00222465,0.00164218
10000000,0.000662654,0.000519304
100000000,0.000222266,0.000164218
